{
  "HTTP Request-1" : {
    "transaction" : "HTTP Request-1",
    "sampleCount" : 10,
    "errorCount" : 0,
    "errorPct" : 0.0,
    "meanResTime" : 171.39999999999998,
    "medianResTime" : 56.5,
    "minResTime" : 52.0,
    "maxResTime" : 1208.0,
    "pct1ResTime" : 1093.3000000000004,
    "pct2ResTime" : 1208.0,
    "pct3ResTime" : 1208.0,
    "throughput" : 0.9053870529651425,
    "receivedKBytesPerSec" : 1.5024650577184246,
    "sentKBytesPerSec" : 0.10786837935717519
  },
  "Total" : {
    "transaction" : "Total",
    "sampleCount" : 45,
    "errorCount" : 1,
    "errorPct" : 2.2222223,
    "meanResTime" : 246.55555555555557,
    "medianResTime" : 80.0,
    "minResTime" : 22.0,
    "maxResTime" : 1284.0,
    "pct1ResTime" : 541.6,
    "pct2ResTime" : 1048.0999999999976,
    "pct3ResTime" : 1284.0,
    "throughput" : 3.6656891495601176,
    "receivedKBytesPerSec" : 52.53812380355979,
    "sentKBytesPerSec" : 0.5302043876262627
  },
  "one" : {
    "transaction" : "one",
    "sampleCount" : 5,
    "errorCount" : 1,
    "errorPct" : 20.0,
    "meanResTime" : 493.0,
    "medianResTime" : 448.0,
    "minResTime" : 415.0,
    "maxResTime" : 675.0,
    "pct1ResTime" : 675.0,
    "pct2ResTime" : 675.0,
    "pct3ResTime" : 675.0,
    "throughput" : 0.4072987943955686,
    "receivedKBytesPerSec" : 13.122021627565983,
    "sentKBytesPerSec" : 0.047332574739328774
  },
  "HTTP Request-0" : {
    "transaction" : "HTTP Request-0",
    "sampleCount" : 10,
    "errorCount" : 0,
    "errorPct" : 0.0,
    "meanResTime" : 31.1,
    "medianResTime" : 27.0,
    "minResTime" : 22.0,
    "maxResTime" : 62.0,
    "pct1ResTime" : 59.60000000000001,
    "pct2ResTime" : 62.0,
    "pct3ResTime" : 62.0,
    "throughput" : 0.9035872413481522,
    "receivedKBytesPerSec" : 0.5770957576579019,
    "sentKBytesPerSec" : 0.10765394867624468
  },
  "HTTP Request" : {
    "transaction" : "HTTP Request",
    "sampleCount" : 20,
    "errorCount" : 0,
    "errorPct" : 0.0,
    "meanResTime" : 330.25000000000006,
    "medianResTime" : 398.0,
    "minResTime" : 79.0,
    "maxResTime" : 1284.0,
    "pct1ResTime" : 546.1,
    "pct2ResTime" : 1247.1499999999996,
    "pct3ResTime" : 1284.0,
    "throughput" : 1.6661112962345885,
    "receivedKBytesPerSec" : 38.39475383205598,
    "sentKBytesPerSec" : 0.2953117190103299
  }
}